BelegNr;RechnungsNr;Gesellschaft;Belegdatum;Nettobetrag;USt_Satz;USt_Betrag
DE-00001;RG-00001;Atlas Beverages GmbH;2026-07-24;11318.89;19,00;2150,59
DE-00002;RG-00002;Atlas Beverages GmbH;2026-07-12;24703.94;19,00;4693,75
DE-00003;RG-00003;Atlas Beverages GmbH;2026-07-04;2243.32;19,00;426,23
DE-00004;RG-00004;Atlas Beverages GmbH;2026-07-07;5864.43;19,00;1114,24
DE-00005;RG-00005;Atlas Beverages GmbH;2026-07-16;8609.00;19,00;1635,71
DE-00006;RG-00006;Atlas Beverages GmbH;2026-07-20;15695.64;19,00;2982,17
DE-00007;RG-00007;Atlas Beverages GmbH;2026-07-16;21050.78;19,00;3999,65
DE-00008;RG-00008;Atlas Beverages GmbH;2026-07-12;22752.68;19,00;4323,01
DE-00009;RG-00009;Atlas Beverages GmbH;2026-07-03;20041.18;19,00;3807,82
DE-00010;RG-00010;Atlas Beverages GmbH;2026-07-04;20907.56;19,00;3972,44
DE-00011;RG-00011;Atlas Beverages GmbH;2026-07-26;22766.98;19,00;4325,73
DE-00012;RG-00012;Atlas Beverages GmbH;2026-07-07;17859.45;19,00;3393,30
DE-00013;RG-00013;Atlas Beverages GmbH;2026-07-06;12081.31;19,00;2295,45
DE-00014;RG-00014;Atlas Beverages GmbH;2026-07-21;10989.65;19,00;2088,03
DE-00015;RG-00015;Atlas Beverages GmbH;2026-07-26;8479.80;19,00;1611,16
DE-00016;RG-00016;Atlas Beverages GmbH;2026-07-24;23667.59;19,00;4496,84
DE-00017;RG-00017;Atlas Beverages GmbH;2026-07-13;10047.00;19,00;1908,93
DE-00018;RG-00018;Atlas Beverages GmbH;2026-07-03;18647.98;19,00;3543,12
DE-00019;RG-00019;Atlas Beverages GmbH;2026-07-06;18188.77;19,00;3455,87
DE-00020;RG-00020;Atlas Beverages GmbH;2026-07-01;24829.53;19,00;4717,61
DE-00021;RG-00021;Atlas Beverages GmbH;2026-07-15;3990.98;19,00;758,29
DE-00022;RG-00022;Atlas Beverages GmbH;2026-07-05;20210.92;19,00;3840,07
DE-00023;RG-00023;Atlas Beverages GmbH;2026-07-20;15386.44;16,00;2461,83
DE-00024;RG-00024;Atlas Beverages GmbH;2026-07-22;24512.57;19,00;4657,39
DE-00025;RG-00025;Atlas Beverages GmbH;2026-07-05;23452.32;19,00;4455,94
DE-00026;RG-00026;Atlas Beverages GmbH;2026-07-05;13829.34;19,00;2627,57
DE-00027;RG-00027;Atlas Beverages GmbH;2026-07-26;779.57;19,00;148,12
DE-00028;RG-00028;Atlas Beverages GmbH;2026-07-21;24279.53;19,00;4613,11
DE-00029;RG-00029;Atlas Beverages GmbH;2026-07-24;2793.61;19,00;530,79
DE-00030;RG-00030;Atlas Beverages GmbH;2026-07-14;23357.21;19,00;4437,87
