piece_id;facture;societe;date_doc;montant_ht;taux_tva;montant_tva
FR-00001;FA-00001;Atlas Beverages France SAS;2026-07-02;15948.67;20,00;3189,73
FR-00002;FA-00002;Atlas Beverages France SAS;2026-07-07;4967.59;20,00;993,52
FR-00003;FA-00003;Atlas Beverages France SAS;2026-07-04;11155.51;20,00;2231,10
FR-00004;FA-00004;Atlas Beverages France SAS;2026-07-02;8666.33;20,00;1733,27
FR-00005;FA-00005;Atlas Beverages France SAS;2026-07-19;2783.90;20,00;556,78
FR-00006;FA-00006;Atlas Beverages France SAS;2026-07-04;3993.81;20,00;798,76
FR-00007;FA-00007;Atlas Beverages France SAS;2026-07-20;23736.48;20,00;4747,30
FR-00008;FA-00008;Atlas Beverages France SAS;2026-07-28;881.15;20,00;176,23
FR-00009;FA-00009;Atlas Beverages France SAS;2026-07-13;5396.83;20,00;1079,37
FR-00010;FA-00010;Atlas Beverages France SAS;2026-07-09;3926.62;20,00;785,32
FR-00011;FA-00011;Atlas Beverages France SAS;2026-07-20;23897.83;20,00;4779,57
FR-00012;FA-00012;Atlas Beverages France SAS;2026-07-04;9263.05;20,00;1852,61
FR-00013;FA-00013;Atlas Beverages France SAS;2026-07-16;3105.00;20,00;621,00
FR-00014;FA-00014;Atlas Beverages France SAS;2026-07-15;24829.29;20,00;4965,86
FR-00015;FA-00015;Atlas Beverages France SAS;2026-07-10;12139.78;20,00;2427,96
FR-00016;FA-00016;Atlas Beverages France SAS;2026-07-04;2375.65;20,00;475,13
FR-00017;FA-00017;Atlas Beverages France SAS;2026-07-24;18804.43;20,00;3760,89
FR-00018;FA-00018;Atlas Beverages France SAS;2026-07-27;6802.73;20,00;1360,55
FR-00019;FA-00019;Atlas Beverages France SAS;2026-07-17;17378.41;20,00;3475,68
FR-00020;FA-00020;Atlas Beverages France SAS;2026-07-17;821.62;20,00;164,32
FR-00021;FA-00021;Atlas Beverages France SAS;2026-07-23;9203.37;20,00;1840,67
FR-00022;FA-00022;Atlas Beverages France SAS;2026-07-01;13693.52;20,00;2738,70
FR-00023;FA-00023;Atlas Beverages France SAS;2026-07-10;19014.04;20,00;3802,81
FR-00024;FA-00024;Atlas Beverages France SAS;2026-07-28;24467.91;20,00;4893,58
FR-00025;FA-00025;Atlas Beverages France SAS;2026-07-28;2502.51;20,00;500,50
FR-00026;FA-00026;Atlas Beverages France SAS;2026-07-12;6712.60;20,00;1342,52
FR-00027;FA-00027;Atlas Beverages France SAS;2026-07-12;22729.40;20,00;4545,88
FR-00028;FA-00028;Atlas Beverages France SAS;2026-07-18;19355.46;20,00;3871,09
FR-00029;FA-00029;Atlas Beverages France SAS;2026-07-17;13653.79;20,00;2730,76
FR-00030;FA-00030;Atlas Beverages France SAS;2026-07-08;8409.21;20,00;1681,84
FR-00031;FA-00031;Atlas Beverages France SAS;2026-07-26;15427.40;20,00;3085,48
FR-00032;FA-00032;Atlas Beverages France SAS;2026-07-28;24626.92;20,00;4925,38
FR-00033;FA-00033;Atlas Beverages France SAS;2026-07-08;5079.86;20,00;1015,97
FR-00034;FA-00034;Atlas Beverages France SAS;2026-07-24;20503.74;20,00;4100,75
FR-00035;FA-00035;Atlas Beverages France SAS;2026-07-07;20132.32;20,00;4026,46
FR-00036;FA-00036;Atlas Beverages France SAS;2026-07-12;13061.56;20,00;2612,31
FR-00037;FA-00037;Atlas Beverages France SAS;2026-07-01;18342.35;20,00;3668,47
FR-00038;FA-00038;Atlas Beverages France SAS;2026-07-16;19805.32;20,00;3961,06
FR-00039;FA-00039;Atlas Beverages France SAS;2026-07-23;6664.57;20,00;1332,91
FR-00040;FA-00040;Atlas Beverages France SAS;2026-07-12;15227.19;20,00;3045,44
