TXN_REF,INVOICE_NO,LEGAL_ENTITY,TAX_AREA,DOC_DATE,NET_AMT,TAX_RATE_PCT,TAX_AMT
US-00001,INV-US-00001,Atlas Beverages Inc,CA-STATE,2026-07-05,8264.86,7.25,599.20
US-00002,INV-US-00002,Atlas Beverages Inc,CA-STATE,2026-07-02,10021.88,7.25,726.59
US-00003,INV-US-00003,Atlas Beverages Inc,CA-STATE,2026-07-18,2042.80,7.25,148.10
US-00004,INV-US-00004,Atlas Beverages Inc,CA-STATE,2026-07-19,2579.72,7.25,187.03
US-00005,INV-US-00005,Atlas Beverages Inc,CA-STATE,2026-07-17,1685.47,7.25,122.20
US-00006,INV-US-00006,Atlas Beverages Inc,CA-STATE,2026-07-03,5563.78,7.25,403.37
US-00007,INV-US-00007,Atlas Beverages Inc,CA-STATE,2026-07-03,10982.73,8.50,933.53
US-00008,INV-US-00008,Atlas Beverages Inc,CA-STATE,2026-07-18,6206.41,7.25,449.96
US-00009,INV-US-00009,Atlas Beverages Inc,CA-STATE,2026-07-27,10756.85,7.25,779.87
US-00010,INV-US-00010,Atlas Beverages Inc,CA-STATE,2026-07-08,14244.98,7.25,1032.76
US-00011,INV-US-00011,Atlas Beverages Inc,CA-STATE,2026-07-19,15857.99,7.25,1149.70
US-00012,INV-US-00012,Atlas Beverages Inc,CA-STATE,2026-07-19,23705.80,7.25,1718.67
US-00013,INV-US-00013,Atlas Beverages Inc,CA-STATE,2026-07-02,14742.15,7.25,1167.81
US-00014,INV-US-00014,Atlas Beverages Inc,CA-STATE,2026-07-02,24412.31,7.25,1769.89
US-00015,INV-US-00015,Atlas Beverages Inc,CA-STATE,2026-07-05,14027.46,7.25,1016.99
US-00016,INV-US-00016,Atlas Beverages Inc,CA-STATE,2026-07-05,7417.83,7.25,537.79
US-00017,INV-US-00017,Atlas Beverages Inc,CA-STATE,2026-07-19,13631.98,7.25,988.32
US-00018,INV-US-00018,Atlas Beverages Inc,CA-STATE,2026-07-27,7884.93,7.25,571.66
US-00019,INV-US-00019,Atlas Beverages Inc,CA-STATE,2026-07-04,17129.57,7.25,1241.89
US-00020,INV-US-00020,Atlas Beverages Inc,CA-STATE,2026-07-21,14644.60,7.25,1061.73
US-00021,INV-US-00021,Atlas Beverages Inc,CA-STATE,2026-07-04,4899.81,7.25,355.24
US-00022,INV-US-00022,Atlas Beverages Inc,CA-STATE,2026-07-03,13806.68,7.25,1000.98
US-00023,INV-US-00023,Atlas Beverages Inc,CA-STATE,2026-07-20,14218.12,7.25,1030.81
US-00024,INV-US-00024,Atlas Beverages Inc,CA-STATE,2026-07-22,5347.48,7.25,387.69
US-00025,INV-US-00025,Atlas Beverages Inc,CA-STATE,2026-07-25,13410.08,7.25,972.23
US-00026,INV-US-00026,Atlas Beverages Inc,CA-STATE,2026-07-19,8025.14,7.25,581.82
US-00027,INV-US-00027,Atlas Beverages Inc,CA-STATE,2026-07-12,23105.17,7.25,1675.12
US-00028,INV-US-00028,Atlas Beverages Inc,CA-STATE,2026-07-26,7669.23,7.25,556.02
US-00029,INV-US-00029,Atlas Beverages Inc,CA-STATE,2026-07-25,4699.23,7.25,340.69
US-00030,INV-US-00030,Atlas Beverages Inc,CA-STATE,2026-07-19,6291.39,7.25,456.13
US-00031,INV-US-00031,Atlas Beverages Inc,CA-STATE,2026-07-16,7681.17,7.25,556.88
US-00032,INV-US-00032,Atlas Beverages Inc,CA-STATE,2026-07-24,21909.65,7.25,1588.45
US-00033,INV-US-00033,Atlas Beverages Inc,CA-STATE,2026-07-20,11358.65,7.25,823.50
US-00034,INV-US-00034,Atlas Beverages Inc,CA-STATE,2026-07-04,24509.33,7.25,1776.93
US-00035,INV-US-00035,Atlas Beverages Inc,CA-STATE,2026-07-06,12920.34,7.25,936.72
US-00036,INV-US-00036,Atlas Beverages Inc,CA-STATE,2026-07-05,18989.24,7.25,1376.72
US-00037,INV-US-00037,Atlas Beverages Inc,CA-STATE,2026-07-14,23348.44,7.25,1692.76
US-00038,INV-US-00038,Atlas Beverages Inc,CA-STATE,2026-07-22,1220.38,7.25,88.48
US-00039,INV-US-00039,Atlas Beverages Inc,CA-STATE,2026-07-18,2171.11,7.25,157.41
US-00040,INV-US-00040,Atlas Beverages Inc,CA-STATE,2026-07-27,14432.39,7.25,1046.35
US-00041,INV-US-00041,Atlas Bottling West LLC,CO-DENVER,2026-07-23,8015.25,4.81,385.53
US-00042,INV-US-00042,Atlas Bottling West LLC,CO-DENVER,2026-07-16,8916.92,4.81,428.90
US-00043,INV-US-00043,Atlas Bottling West LLC,CO-DENVER,2026-07-15,14602.41,4.81,702.38
US-00044,INV-US-00044,Atlas Bottling West LLC,CO-DENVER,2026-07-03,1951.88,4.81,93.89
US-00045,INV-US-00045,Atlas Bottling West LLC,CO-DENVER,2026-07-16,23630.86,4.81,1136.64
US-00046,INV-US-00046,Atlas Bottling West LLC,CO-DENVER,2026-07-03,17501.79,4.81,841.84
US-00047,INV-US-00047,Atlas Bottling West LLC,CO-DENVER,2026-07-23,1751.57,4.81,84.25
US-00048,INV-US-00048,Atlas Bottling West LLC,CO-DENVER,2026-07-19,7912.78,4.81,380.60
US-00049,INV-US-00049,Atlas Bottling West LLC,CO-DENVER,2026-07-27,24829.12,4.81,1194.28
US-00050,INV-US-00050,Atlas Bottling West LLC,CO-DENVER,2026-07-23,11279.61,4.81,542.55
US-00051,INV-US-00051,Atlas Bottling West LLC,CO-DENVER,2026-07-22,9798.34,4.81,471.30
US-00052,INV-US-00052,Atlas Bottling West LLC,CO-DENVER,2026-07-15,8838.38,5.31,469.32
US-00053,INV-US-00053,Atlas Bottling West LLC,CO-DENVER,2026-07-20,9047.74,4.81,435.20
US-00054,INV-US-00054,Atlas Bottling West LLC,CO-DENVER,2026-07-02,3148.12,4.81,151.42
US-00055,INV-US-00055,Atlas Bottling West LLC,CO-DENVER,2026-07-10,5650.64,4.81,271.80
US-00056,INV-US-00056,Atlas Bottling West LLC,CO-DENVER,2026-07-08,3451.17,4.81,166.00
US-00057,INV-US-00057,Atlas Bottling West LLC,CO-DENVER,2026-07-28,10097.97,4.81,485.71
US-00058,INV-US-00058,Atlas Bottling West LLC,CO-DENVER,2026-07-06,12538.54,4.81,603.10
US-00059,INV-US-00059,Atlas Bottling West LLC,CO-DENVER,2026-07-18,11367.39,4.81,546.77
US-00060,INV-US-00060,Atlas Bottling West LLC,CO-DENVER,2026-07-05,7126.52,4.81,342.79
US-00061,INV-US-00061,Atlas Bottling West LLC,CO-DENVER,2026-07-28,20527.18,4.81,949.86
US-00062,INV-US-00062,Atlas Bottling West LLC,CO-DENVER,2026-07-23,13867.93,4.81,667.05
US-00063,INV-US-00063,Atlas Bottling West LLC,CO-DENVER,2026-07-12,10528.59,4.81,506.43
US-00064,INV-US-00064,Atlas Bottling West LLC,CO-DENVER,2026-07-13,17147.40,4.81,824.79
US-00065,INV-US-00065,Atlas Bottling West LLC,CO-DENVER,2026-07-05,23953.85,4.81,1152.18
US-00066,INV-US-00066,Atlas Bottling West LLC,CO-DENVER,2026-07-05,2303.87,4.81,110.82
US-00067,INV-US-00067,Atlas Bottling West LLC,CO-DENVER,2026-07-08,5990.93,4.81,288.16
US-00068,INV-US-00068,Atlas Bottling West LLC,CO-DENVER,2026-07-27,548.56,4.81,26.39
US-00069,INV-US-00069,Atlas Bottling West LLC,CO-DENVER,2026-07-09,14830.81,4.81,713.36
US-00070,INV-US-00070,Atlas Bottling West LLC,CO-DENVER,2026-07-05,7227.79,4.81,347.66
US-00071,INV-US-00071,Atlas Bottling West LLC,CO-DENVER,2026-07-12,10618.93,4.81,510.77
US-00072,INV-US-00072,Atlas Bottling West LLC,CO-DENVER,2026-07-11,15342.86,4.81,737.99
US-00073,INV-US-00073,Atlas Bottling West LLC,CO-DENVER,2026-07-23,23839.17,4.81,1146.66
US-00074,INV-US-00074,Atlas Bottling West LLC,CO-DENVER,2026-07-20,21515.25,4.81,1034.88
US-00075,INV-US-00075,Atlas Bottling West LLC,CO-DENVER,2026-07-24,16460.42,4.81,791.75
US-00076,INV-US-00076,Atlas Bottling West LLC,CO-DENVER,2026-07-28,1586.32,4.81,76.30
US-00077,INV-US-00077,Atlas Bottling West LLC,CO-DENVER,2026-07-28,19554.24,4.81,940.56
US-00078,INV-US-00078,Atlas Bottling West LLC,CO-DENVER,2026-07-18,17094.23,4.81,822.23
US-00079,INV-US-00079,Atlas Bottling West LLC,CO-DENVER,2026-07-13,9961.38,4.81,479.14
US-00080,INV-US-00080,Atlas Bottling West LLC,CO-DENVER,2026-07-16,10004.47,4.81,481.22
US-00021-R,INV-US-00021,Atlas Beverages Inc,CA-STATE,2026-07-04,4899.81,7.25,355.24
